text,true_label,predicted_label
hotel must originally ordinary downtown hotel not nice neighborhood owner painted fixed lobby make upscale overpriced boutique hotel still ordinary hotel paint job stay want experience staying flophouse sleaze removed definitely stay chain location burnham much much nicer hotel,truthful,truthful
husband not enjoy stay hotel allegro room small bathroom ridiculously stupid everytime use sink would splash water truly one person time bathroom like airplane bathroom wall thin heard people across hall sex staff really rude not appreciate sign door saying not disturb day check check time got know door sign stating not disturb hotel not microwave room no mini fridge no coffee maker either no drawer put clothes closet tiny four day three night three suit case full clothes no place store also hated fact pay almost fifty park car husand never stay hotel allegro,truthful,truthful
stayed allegro hotel interviewing position chicago read review mixed since property suggested organization due location booked room true review room extremely small cold heater blew cold air degree weather generally uncomfortable no closet hung suit doorknob door adjoining room bathroom extremely small although tidy not especially clean dusty bed supposed queen really full quite low sheet hard arrived late ordered room service little space room wait staff approach desktable sideways although free wireless plus kept getting kicked system no lie reconnect online record time finally top television stopped working little midnight one evening not even hour enough supposed star boutique hotel ive stayed better star property positive side staff nice friendly food reasonably good lobby really vibrant martini bar although coming hotel guest complaining unsually smokey looked interesting overall though not best stay ive wont staying,truthful,truthful
fourth time stayed allegro previous time nothing good say allegro reaction soured place stayed past year first weekend december kick holiday season shopping start year disappointment checked deal number site calling allegro quoted one price higher line mentioned told could lower price check desk nice not friendly discovered room not good past punishment asking lower price closet no hanger no place put suitcase no one mentioned wine reception evening second day discovered even bath mat shower missing took two phone call almost two hour get new one wrote management following stay yet receive reply needless say looking elsewhere go city next time would advise others,truthful,truthful
hotel rather stupid frank horrible attempt retrosheek end looking similar saturday night live skit thing sheek not functional room size shoe box isnt much actually like pedestal bathroom no sink put makeup using toliet day also took minute figure turn shower bathroom like closet anything guest one evening everyone could hear everyone pee bc bathroom door arent door no bathroom fan top lot costruction nearby keep night good note staff really friendly place really clean thats good thing say place would not go back,truthful,truthful
husband stayed allegro hotel chicago day night recently got room king size bed although room small got no problem enough space luggage however felt bed not exactly comfortable bed sheet kinda feel rough u wall really thin could hear neighbour talking occasionally flushing sound day room not cleaned till afternoon went check front desk told got request room cleaned shock u thought like hotel room cleaned except put no disturb sign worst upon returning hotel night found bag garbage room right next luggage housekeeping people must forgotten take cleaning bin unacceptable u hotel theatre district rather quiet night although near cta train would rec one stay somewhere close magnificent mile lively night hotel near chicago river get great view staying kimpton hotel san fran next month contemplating change overall not good experience wouldnt choose hotel head chicago,truthful,deceptive
hotel allegro industry analyst event could not expected worse first glance figured couldnt bad kimpton unfortunate issue service people excellent however room sucked imagine normal hotel room size cramp king size bed add bathroom thats also size building old hotel smell thing musky covered paint smell bathroom shower modern fixture remind nyc studio rented people college paint peeling base board carpet new something wrong would stay marriott renaissance westin else,truthful,deceptive
place character ill give wasnt really style arrived late evening first room gave tv didnt work maintenance took look couldnt figure told id wait morning electrician passed gas left real professional phoned front desk account tv able get another room second room much like first horrible striped wall paper dingy old worn carpet bathroom incredibly small hard use toliet without banging door sink cramped bed werent comfortable either room temp hard regulate ac somewhat noisy location seem convenient training session block away theatre seemed near thats place may tolerable night two dont make long distance phone call room without calling card minute knew would expensive wasnt expecting type rate,truthful,truthful
start gm nice guy handling incident anthony concierge set massage reservation spa requested unavailable anthony said knew spa nice set quoted price got spa actually seedy nail hair salon saw front window massage hour end massage gave lady said thanks keep change insisted got hotel rate anthony set called anthony confirmed rate told go pay anthony difference offered ride hotel since going declined short shady dealing place quite taken back gm selman compd night felt swindled big time stay somewhere else concierge something going,truthful,truthful
room wasvery tiny warm give illusion control temperature bathroom small tub plastic retro fit stated another review crackle foot personally find water pressure fine bath ammenities good quality public area nice good hang basically old hotel updated comment closet true actually indescriable hear everything occuring room location convienent many hotel stay fly midway take orange line not go wrong,truthful,truthful
im frequent business traveler often chicago trip time difficult even find hotel downtown chicago one time recently pay almost one night allegro absolutely not worth hotel filled capacity conventioneer checkin checkout slow elevator worked beyond capacity guest morning checked elevator stopped every single floor th floor lobby elevator almost completely full got th floor imagine long must taken guest get downstairs room extremely small cramped even though obviously renovated recently tv bed decor new high point hotel still rate way overpriced small room best thing allegro room service prompt food good price reasonable room service regular hotel booked ill take cab farther city isnt worth,truthful,truthful
sit th floor room hotel allegro listen conversation husband wife room left seems cough today room right someone seems use restroom quite bit hear water running toilet flushing also hear footstep room upstairs even roadside motel better insulation room ive stayed dozen kimpton hotel far worst room dirty carpet covered spot stain curtain large brown stain dont want guess paint peeling rip wallpaper decor bit garish peptobismol covered wall green yellow pillow filthy brown white carpet size room fine bed comfortable im glad earplug avoid listening others toilet flushing night location good downtown theater business three elevator serve storey building run slowly chicago many nice hotel option many ive enjoyed quite bit unfortunately not one even unfortunate im stuck two night looking forward staying kimptons hip comfortable attractive not,truthful,truthful
usually big fan kimpton hotel place awful would rate poor moment arrived moment left old dark damp hotel slapped coat paint make look botique carpet dirty tattered patron walking around lobby barefeet yuck bathroom tiny floor look like layer flith called desk ask cleaned brushed told made look way woke first morning find multiple wad gum lobby table told front desk called housekeeping called front desk againfinally several hour someone came cleaned gum elevator slow often one working given time not find staff friendly except one waiter breakfast disappointment,truthful,truthful
stayed two night registered unfriendly desk attendant cold room small closet not even hold clothes packed two day room stylishly decorated lacked nice small touch extra pillow closet attracted hotel bar ground level however went drink door bar locked called inquire sign said open really wasnt told short staffed sorry running hotel country third largest city amenity open whim first last visit kimpton hotel,truthful,truthful
disappointment say least heard rave rave hotel allegro super excited brotherinlaw gave u american express gift card decided use night called hotel allegro made reservation saturday night person took reservation sweet assured would no problem using gift card since indeed take american express couldnt wait get arrive hotel allegro saturday afternoon tourist already taking pic sign front trying get sneek peak ballroom set wedding get line check give gift card check card tell neither one work charging card not room rate incidental well give credit card instead line checking hear complaint complaint guest start wonder experience going like guy front desk radio bellman someone luggage lost desk clerk snap bellman entire line see not impressed get little shoebox room disappointed see room website looked glorious bedroom home nicer tiny room sink small water splash everywhere even evident water floor got room yuck stay night go check morning give american express gift card clerk say system usually doesnt take tell called confirm system would take friday swipe card bam work know rude not stay hotel allegro would recommend anyone disappointment,truthful,truthful
check in went smoothly advised wall super thin building old room small downside allowing pet could hear poor dog barking morning probably needed go price wasnt bad walking distance major attraction overall ok best another plus cta close,truthful,truthful
sothe location clarklake train stop greatand thing great hotel wall thinso much hear giggling early morning housekeeping conversation hallway no coffee maker room however free coffee available lobbybecuase everyone want go lobby first thing morning finally business center pay use setupno courtesty internet usage printing lastlythey bathroom microtiny lack counterspace comfort,truthful,truthful
frequent traveler chicago generally stay sutton court thought would try different boutique hotel never stay hotel first room brought standard room glorified closet leaving absolutely claustrophobic actually smallest hotel room ive u complained front desk moved premium room still quite small manageably bathroom tiny without vanity making difficult put toiletry room location leaf much desired room looked directly onto el elevated subway background noise street pretty deserted sunday evening say free wifi great find chain hotel closer michigan avene id highly recommend take want nice room great location check sutton place hotel instead,truthful,truthful
usually stay hotel monaco stayed allegro monaco booked allegro similar monaco decor less traditional funky interior not nearly nice linen not high quality monaco room not decorated nice room also smaller main reason would not recommend hotel though bathroom old tiled floor old sink old toilet reminds something would find men locker room although allegro installed nice mirror not make limited counter space dingy apperance also layout bathroom terrible toilet close wall toilet paper sits lap sit toilet also room not clean well floor room dirty found crumb drawer would recommend staying monaco hard rock soffitel hotel little less traditional still nice,truthful,truthful
recently stayed hotel allegro chicago illinois hotel nice please take advice not stay payed cash room handed credit card incedentals next day debit card charged clearly mistakei called hotel manager rudest person ever spoken charge told fault paid cash could give bank account routing s authorization code could call bank take care clearly smart enough not give information anyone yet alone someone already taken charged called corporate complain let know situation thing corporate could tell already credited account sorry clearly mistake questioned manager asking information already credited account told didnt answer bank account sake not stay many option chicago,truthful,truthful
checked room empty beer bottlesdirty short closet unclean bathroom no manager available hour take complaint front desk lady said manager lunch break pm missed show navy pier extra time took moving another room etc finally got talk manager complained beer bottle offered send wine cheese make inconvenience totally inappropiate since child including teenager gave compensation ruining family holiday staff somewhat reluctant take request extra blanket night kept telling look closet extra blanket asked two blanket delivered one keep calling get settled night saw filled comment form prior guest room study desk taken trouble filling no one collected cared noisy room hear door open close night breakfast item kept running make call get replenished not recommend hotel one even discounted rate,truthful,truthful
booked amalfi looking great boutique hotel chicago hotel nice property clean room nice amenity good location however booked hotel offered upgraded room king room corner king room great checked corner room looked two brick wall alley night several homeless individual fighting alley would seem place congregate top dumpster alley emptied waste department morning noise crazy loud think nice hotel unfortunate aspect due location staff extremely friendly helpful,truthful,truthful
arrived thought night would decent place good reviewsetc arrived find website picture misleading hotel lounge room really odd dark first night noticed blanket bed nasty looking resembled something youd find street top woke night find bed bug attacked u husband bitten bitten way husband leg covered bite ointment benadryl week immediately came home scalded clothes also mold around tub inside floor bathroom floor also curling tub view room roof not good stay disappointing good thing free breakfast every floor,truthful,truthful
room fine comfortablevery peaceful customer service socalled concierge experience something others left much desired first arrived doorman walked desk not greeted usual hello welcome instead got name id no hello no welcome amalfi hotel plain old poor customer service beginning left bad taste mouth decided let go see rest stay,truthful,truthful
imo amalfi doesnt come close justifying glowing comment ta basically holiday inn half room overlook alley loading dock hotel not flors high garbage pick woke daily nodding begin setting complimentary breakfast continental buffet every floor next elevator bank room within foot elevator hear noise reception bit tacky staff little rough around edge didnt see single business traveller valet parking expensive usual chicago slow ok explore option,truthful,truthful
checked room empty beer bottle dirty underwear closet unclean bathroom no manager available hour take complaint missed show extra time took moving another room etc finally got talk manager complained beer bottle especially child teenager offered send wine cheese make inconvenience staff somewhat reluctant take request extra blanket night kept telling look closet extra blanket asked two blanket delivered one keep calling get settled saw comment form prior guest room study desk taken trouble filling no one collected cared ht noisy room hear door night thebreakfast item kept running make call get replenished not recommend hotel one even discounted rate,truthful,truthful
location good checkin ok asked non smoking room given floor half smoking half non smoking could smell smoke soon elevator door opened asked recieved room nonsmoking floor not bring key go lobby get breakfast could healthy choice sweet roll danish not fresh banana not ripe room one wash cloth call housekeeping never showed room not turndown service not morning clean called upon arrival back room gone day accused putting not disturb sign said would come never came said would finally told not come time wanted get ready go dinner never greeted anyone came went stayed peninsula burnham burnham booked stay would stayed therei never stay hotel not worth night,truthful,truthful
really excited staying amalfi reading several review online unfortunately disappointing experience arrived told mistake hotel oversold move another hotel amalfi take care hotel cab fare much negotiatingbreakfast traveling child inconvenient instead getting next morning going museum planned get pack suitcase check hotel take cab check back amalfi could head museum also told first night stay would refunded well week phone call laterthere still hasnt refund cant even get manager call back amalfi wasnt bad centrally located close train bus stop many restaurant within walking distance coctail reception nice selection drink appetizer however small room no place sit night attended one reason picked amalfi queen bed instead double seemed really small queen view room alley overall best part staying amalfi night sent another hotel wonderful view city nd floor disappointing indeed,truthful,truthful
arrived find sleep not future dance club connected hotel party stay night anyway hotel would fine dont plan get rest club open front desk lady extremely rude people calling inquire hotel checking fine gave corner room sure wouldnt want bad side,truthful,deceptive
stayed group bachelorette party disappointed hotel beautiful staff rather friendly main problem roomsleeping situation booked room queen bed several week received email day visit stating sold happens dont know upgraded u two suite king pull first meant party split different floor second meant two u stuck pull couch im not picky unreasonable person worst bed ive ever slept sunken middle literally rolled unless balanced edge bed spring poking back night awful amount money spent expected comfortable would not stay experience,truthful,truthful
often visit chicago first stay location able secure good rate travelzoo thought room clean nicely decorated disappointed service stayed saturday night waited minute extra pillow called minute found third shift crew came minute late also received incorrect folio dooranother guest staying location called front dest inform error explained made error would corrected opened credit card statement found charged three different room one date visit two week later called hotel guest service took information forwarded accounting department received message call billing department called three time not received another reply back,truthful,truthful
booked hotel business trip since able get rate travelzoo figured id save company money also read excellent review tripadvisor guaranteed confirmed room reservation two night november arrived chicago pm decided go dinner prior checking called hotel request late check told no problem arrived hotel pm told didnt room id move four point sheraton paid major inconvenience move completely unacceptable confirmed room given away told overbooked didnt get many cancellation expected check hotel next day good experience would recommend staying ensure reservation indeed confirmed avoid late checkins might not room experience designer great helpful room nice comfortable felt like home breakfast could stand add bagel healthy factor nice fruit think kink worked great hotelthey need get basic,truthful,truthful
stayed amalfi july th july weekend apprehensive leaving diesel ford excursion valet amalfi modification engine damaged not operated correctly explained procedure valet driver felt like complete waste time vehicle returned valet driver not let idle cool turbo instructed tried start wasnt happy finally start relieved get back wanted leave driving away noticed top speed recorded gps mph previous top speed mph done day earlier driving across south dakota could picture flying ferrari scene ferris buellers day couldnt imagine crowded chicago traffic found place go fast though wouldnt take long make happen see reference modified engine little later stopped lunch noticed dent front bumper contacted hotel referred claim people no remedy lesson learned brett,truthful,deceptive
overview overrated hotel premium location great location walking distance cheap cab ride ton great restaurant bar sight good inviting lobby pleasant staff though bit snobby particular night deskman nice bathroom comfortable bed desk chair mediocre room excluding bathroom underwhelming design no kitchen bar though limited room service harry carays across street free cocktail pm lounge right idea wrong execution tiny little room packed people line extending door hot water lack thereof almost every morning shower water temperature would waver comfortably hot lukewarm pressure pretty low view mine wasnt great apparently room horrible bad free wifi ethernet inconstant speed required multiple logins every day even computer wasnt moved really aggravating deal iphone also got numerous vulnerability threat warning norton antivirus make wonder secure no blackout curtain corner room huge wraparound window awoke bright sunlight every morning not mention near total lack privacy night never issue hotel motel ive ever stayed noise hotel sandwiched different bar late night cacophony yelling bar music truck car horn siren hugely distracting well early hour morning wear ear plug despite th floor tv crappy hd signal sync audio every channel remote useless room bar standard inflated price bottle fiji water bedside insulting dont even think opening there eleven around corner sell exact bottle fraction cost summary not recommended look much nicer website photo rating yelp bloated least star,truthful,truthful
stayed amalfi night say reading review expected little bit fine place clean bathroom comfy bed not worth money comfy bed free continental breakfast sheet though made u itch reason normally not sensitive thing breakfast could really benefit bagel yougurt otherwise early morning sugar attach muffin danish sweet bread croissant plenty restaurant around big chain variety sort thing also window not open climate control device room problem keep blowing air time alternating cold warm right bed sign not turn see happens air room got uncomfortably stale business center send fax use internet free problem one tiny room one computer one person time not stay feel like luxury find place feel like regular hotel heart city maybe try red roof inn something like least well know paying,truthful,truthful
went great review tripadvisor location room amenity price via expedia good complaint poor service every stage checkin slow even concierge sarita hopeless staff generally rude also sort generator box bed hummed night turned also seemed turn air conditioning finally let know major construction site front hotel roadworks truck beep continuously everytime reverse would stay maybe got good deal back room plenty great hotel nearby,truthful,truthful
letter management sir madam writing give feedback recent stay amalfi guest stay used valet service operated standard parking vehicle returned stolen item glove compartment much chagrin day valet service not include proper securitymonitoring despite premium self park understand parking service subcontracted hotel would think worthy hotel would remedy situation not case hope staff able take measure rectify situation future guest,truthful,deceptive
stay amalfi brief one booked hotel based glowing review saw trip advisor arrived sat desk amazingly aloof clerk felt like stepped episode twilight zone room small dark internet wasnt working wasnt informed check couldnt given time frame would back walked neighborhood found another hotel liking gathered belonging went youre one people like trendy upscale chi chi location hotel youll lurve place like hotel light working internet good view real breakfast go someplace else,truthful,truthful
wife stayed amalfi trip visit son friend norway vacationing city excited staying amalfi reading review really disappointed accommodation web site photo story building house hotel doesnt state hotel occupies first floor building rest office room th floor view blank brick wall foot distant room unremarkable standard furnishing equivalent holiday inn although close best part city tucked behind new trump tower open surprisingly sketchy stretch roadsidewalk norwegian friend contrast stayed rd floor swissotel view lake navy pier,truthful,truthful
stayed amalfi hotel chicago month good expectation disappointment paid deluxe king got nd floor view construction dirty badly rehabbed bathroom itchy sheet no comforter sheet gross old hotel blanket thing previously opened bottle mini bar plenty rude inexperienced staff member manager def not star staffing live chicago stayed wide range place know february expect great hotel many available weekend stayed amalfi choosing say palmer house hilton hotel sax sutton place hotel huge waste definitely keep looking book elsewhere not worth price dont let picture fool also wouldnt say experience rare mishap hotel look like old day inn undergone slight renvation ie new lamp,truthful,truthful
stayed dozen friend half u got eaten alive bed bug stayed september september th symptom ie crazy itchiness didnt come sunday night got home complained hotel basically theyre gon na cover cost dry cleaning bill honestly reimburse u not worth not stay hotel,truthful,truthful
reservation king size bed instead given doublebed room checkin person must bad hair day unfriendly wall st journal usa today not complimentary requested room away noisy elevator given room next service elevator noisy didnt bother file formal complain tire travel often chicago business first last intercontinental,truthful,truthful
older hotel age show room small bit drab bathroom room urgent need upgrade bed comfortable though room quiet hotel staff polite not really interested guest even concierge disinterested checkin irritatingly slow number people line really hotel tjhat promise much promotional material deliver better hotel really didnt seem trying,truthful,truthful
first room heating system sounded like generator room second room stool toilet smear linen didnt notice morningeeewwhh computer scale ink pen didnt work maintainance man took min come unplug toilet dripped toilet water bathroom carpet room quiet bedpillows comfortable bath large water warm,truthful,truthful
minneapolis hoping stay michigan ave hotel arrived told previous guest extended stay not room hotel moved u another hotel mile away less desireable location management duty unfriendly even stated would call security not leave gave u cab fare never stay happened numerous guest weekend,truthful,truthful
location amazing right across nordstroms michigan avenue hotel beautiful room clean intercontinental ambassador reward club get ambassador suite level ride private express elevator elevator took three minute get thirtieth floor checked person behind counter rude acted lucky get checkedin also language barrier becuase russian pool spa beautiful pay extra fee upkeep want nice hotel way aroundgo omni,truthful,truthful
say used favorite hotel chicago location historic gorgeous pool amazing sunday brunch relatively low price compared comparable hotel exclusive benefit ambassador membership fallen disappointingly wayside resounding thud let break location ill concede still great get corner room historic tower higher th floor view michigan ave andor river historic gorgeous pool closed indefinitely asked reopen hotel staff actually said maybe never amazing sunday brunch zest gone replaced dark michael jordan restaurant take much lobby second entrance lobby way used beautiful open lot place sit also no longer food bad bad many restaurant city favor go somewhere else eat relatively low price compared comparable hotel based review everything else go drake peninsula completely worth extra money downgrade hilton get expect pay intercontinental fallen low pay higher price hilton get worse experience exclusive benefit ambassador membership canceled membership disaster part membership includes early checkin granted available room wasnt ready pm obviously normal checkin staff overwhelmed not effective helpful tried speak manager room waited long line speak someone told husband needed membership name nutshell go somewhere else p go argo tea next door instead starbucks hotel way better food coffee,truthful,truthful
reading lukewarm review hotel went ahead got ambassador membership hedge unpleasantness normally good experience intercontinental hotel particularly mark hopkins sf called hotel directly confirm reservation designated ambassador club arrived hotel no separate checkin line advertised manager duty basically ignored told ambassador club member stuck regular tiny room nearly half hour checking room deal arrogant attitude manager duty gave room modern tower built size regular room mark hopkins built deal torn sheet cracked marble sink spare roll toilet paper located outside bathroom inside closet convenient closet door not careful may break full length mirror attached bathroom door not provided key minibar called turndown service never happened next day finally got around fact ambassador club member entitled upgraded room since travel medical device already set tiny room declined credit send amenity would otherwise entitled ambassador club member would not stay hotel next time go chicago better place money including omni james fairmont hyatt sheraton monaco crowne plaza even holiday inn marriotts located general area,truthful,truthful
good location look like good property not seem managed well front desk staff inattentive customer slow nice large suite room plumbing fixture disrepair housekeeping staff couldshould reported day partially clogged shower head dripping sink etc clean ok neglected expected intercontinental hotel many hotel choose area chicago get price almost,truthful,truthful
stayed old tower room nice room service good room wifi expensive bottled water price room least least water would rate value subpar restaurant menu not great food mediocre comparison downtown chicago restaurant service average especially since three table use entire restaurant summary go h next time comment based previous week resort stay outer bank north carolina earlier year northern california p fitness room user per stay per person good deal hotel,truthful,deceptive
booked directly intercontinentala special room wedding night wedding went hotel excited happy got night changed treated rudely no respect told u no room even though confirmation number instead showing empathy told u go sit figured u husband tux wedding gown no apology no concern given told go find cab take hotel theyd found room intercontinental ruined wedding night telling anyone everyone experience place supposed elegant weve never treated poorly never stay another intercontinental hotel highly recommend not contribute place would newly married couple steer clear place,truthful,deceptive
whats not like problem getting room actually reserved call hotel three time email four time order insure actually got room reserved overcharging charge everything wireless fitness center business center ive run one hotel ever charged use fitness center note intercontinental youre going charge something commonly included advertise fact whats next charging sheet bed poor customer service staff not communicate full sentence wait hear answer chicago not new york little midwestern patience,truthful,truthful
start hotel worst customer service impossible work everything problem chronological order first arrive pm sat check not room bed reserved available offered u room one bed rollaway free charge however room not ready yet finally hr later able get room key no rollaway another min phone call later rollaway get charge waived second time go check mon couldnt print u bill give u total stop hr road get gas find bank card overdrawn called bank found hotel ran card time bill supposed sitting gas station phone hr money finally put back account could continue trip home would recommend holiday inn intercontinental day,truthful,truthful
overall hotel nice room spacious wellappointed tend aging dated bathroom particularly average old wallpaper dingy tub crummy showerhead toilet paper roll holder pulling wall screw exposed conceirge recommended expensive mediocre restaurant hate make suspect theyre getting kickback place otherwise dont get enough business breakfast good relatively large europeanstyle spread,truthful,truthful
spent three night chicago property first say would hard imagine better location perfectly situated magnificent mile close terrific restaurant art institute orchestra hall hotel two side historic tower new wing room larger historic side generally looking little tired property need renovated observation junior suite laid strangely small bedroom smaller sitting room separated corridor large bathroom mirror sink not sink skewed right made shaving challenge messy descending elevator one morning started shaking violently could barely stand stopped th floor greeted extremely worried looking hotel employee technician shut experience far powerful coffee helping wake adrenaline rush certainly cure sleepiness report group sink stopped exposed bolt room generally thing not working good news staff terrific make feel welcome personable personality great service bar really went extra distance help wish better property work,truthful,truthful
always interesting going high quality hotel not help think service value maybe high expectation certaintly location great swimming pool really nice room generally well appointed oh bed great room not well cleaned little smelly truthfully stole watch left room hotel immediately worried financial situation not service noticed others site lost stuff hotel know always possibility really not expect hotel like overall chicago exceeded expectation intercontinental not stay else,truthful,deceptive
used hotel first time chicago price classified intercontinentali wouldnt consider good room solid view ok virtually everywhere else michigan ave service ok price ridiculous everything wifi well everything else came jewishhindi wedding appetizer fine main entree small portion meat forgettable everything else dessert inedible expensive hotel similar rating better room extent would worth personally preferred conrad better price better service,truthful,truthful
writing regard stay april celebrating honeymoon disappointed stay construction going hotel not notified prior stay husband ordered champagne strawberry room prior arrivalit wasnt called place order never showed disappointed surprised lack service decided forgo ordering rd time room small drab lacked romantic setting looking called request room large tub similar one photo prior arrival noting didnt mind upgrade cost instead tub incredibly small stayed intercontinental city high expectation chicago location especially considering celebrating happy onceinalifetime occasion service amenity didnt match,truthful,truthful
stayed november leisure trip chicago hotel dated room arent good enough front desk staff rude not staying prefer swissotel hyatt property regency similarly priced park hyatt x list boutique hotel area well kimpton etc pro hotel open onto michigan avenue close excitement eno wine bar great selection cheese room clean con hotel room make no sense first room tiny window overlooking ledge effectively no view second room two window looked onto brick wall actually no view pay everything internet gym pool not available due renovation entire hotel old not classical sense ghost story one front desk staff rude,truthful,truthful
check hotel stuck airport areusually not best mood working upscale hotel encounter many guest checking happened want friendly face smooth check desk clerk checked property neither short rude handed key walked away would never go back property due,truthful,truthful
ok feel youre paying well room get something show location michigan ave pay little could way better peninsula park hyatt shoot omni x better ordered deluxe executive suite sub par room small small ice bucket closet bathroom small well lit plus wallpaper peeling outlet barely covered no view thing appealing bed may tired really excited palmer house palmer house nice restaurant lockwood quiet distinguished potter lounge grownsexy,truthful,truthful
first expediacom charged additional person per instruction arrived hotel monies not included complimentary breakfast not offered hotel service person checked u forgot give back parking ticket left generic message stating envelope front desk wait line another minute discover whole time person looking never said word charged paid parking adjacent hotel went leave gate would not open find parking garage office manager call several time hotel finally someone picked confirmed payment allowed leave structure hotel beautiful bell hop doorman wonderful helpful gracious internal staff rude not helpful,truthful,truthful
stayed palmer half dozen time past ok main drawback check desk always slow charge use fitness center truly annoying addition many room often walk hundred year find room get elevator classic old hotel yesteryear charm room gave recently small laughable door bathroom could not open hit desk chair desk could not properly pulled hit bed no room put tv front bed shoved side room make prison cell seem roomy promise no one work would ever put someone know hovel not sold hotel room,truthful,truthful
hotel almost always helpful stay caused rethink like palmer house dirty cover bed also smallest room hotel sure husband usually come time year business cta work not pleased size room room always two chair desk usually foot not room th floor x approx service men door always said welcome not time past bell man steal pair sun glass hotel nothing loss financially,truthful,truthful
stay palmer house attend conference chicago stately building year problem not first wifi available not free cost per hour online indicated hilton hotel charge almost double many hotel free wifi wifi wifi level service not factor could justify exorbitant cost also charge fitness center even going use machine no business center inhouse copy etc bed wall separated u bathroom next room not separate u bathroom noise someone took shower pipe sung like old pipe dobut loudly empty wine glass sat outside someone room door day without picked housekeeping concierge desk one person always line called put hold dealt people line staff nice location cant beat luxury price normal service felt like ripoff year doubt well return,truthful,truthful
stayed palmer house one night early january year check front desk lady asked show confirmation letter reservation not bring confirmation not asked present place check inso asked print one copy business center bring confirmation bell station get room key told went bell station however people bell station totally confused none key bellman nice enough help go ask staff front desk finally got checked waiting lobby minute people pointed room got small old twin bed could hear people next door using bathroom not pleasant experience even though paid dollar hotel,truthful,truthful
husband month old took quick trip chicago stayed one night palmer house reading four star hotel guess confused four star hotel yes lounge area nice room small couldnt set pack play son call upgrade room son could someplace sleep lower level updated make slightly better holiday inn wall paper peeling away wall shower dirty never stay,truthful,truthful
not impressed hotel look really nice especially big foyer area room small bathroom needed major upgrade green tile like grandmother house wall people couldnt fit tried could hear people beside u early morning every morning obvioulsy wall arent thick room looked directly brick building outside close couldnt even tell nice outside not assuming not renovated room look felt yucky whole time wouldnt pay lot money stay nothing exceptional,truthful,deceptive
hotel excellently situated visiting art institute millennium park old classic hotel main lobby must see would not stay problem hotel dating long ago current one built even extensive remodeling done hard create space comparable expected today many case wall load bearing not changed much reasonably sized room king bed space desk lounge chair bathroom small little space spread toiletry also no coffee machine room something come expect virtually hotel day major complaint stay executive lounge usually worth pay extra access hotel not much cost two breakfast usually hors doeuvres evening along modest wine modest price since currently diamond level hilton honor program get access free hiltons usually upgrade chain hyatt palmer executive lounge ordered couple glass wine bartender duty slightly surprised cost glass came two tax tip even surprised wine worst wine tasted many year didnt think even good trader joes cheapest wine tried couple week ago unfortunately didnt get look bottle see although notice fish back cupboard noticed couple group executive lounge brought wine understand iot price charging occurred wine sitting around open time checked room service menu saw offered three red wine glass three varietal bar cabernet william hill glass room service presume time william hill left turn vinegar slightly expensive room service hope lot better condition,truthful,truthful
stayed hotel day november together colleague internet wired available additional dollar day no fridge microwave included price room two soft full size bed hall way wallpaper come wall doesnt believe check th floor close room discount paid dollar night ridiculous stayed hyatt regency much cheaper way better restaurant main hall nice food tasty although almost customer took forever food got served please stay away take one plenty alternative nearby,truthful,truthful
not stay preconstruction didnt noise problem others experiencing room service quality poor not return suite large enough dirty dated worn bed linen stained bathroom not appear cleaned properly public hall area room service tray sitting two day disgusting politely requested housekeeping touch room pick tray never showed paid king tut package supposed include ticket exhibit no record didnt honor course exhibit sold main reason visiting chicago ruined werent able see part field museum also polite letter hilton manager never acknowledged disappointed property avoiding hilton general possible,truthful,truthful
booked hotwire consequently placed room barely room walk around luggage view inner courtyard nothing wall window room unable determine weather outside except either day night no longer inroom coffee appliance either go ostentatious dining room go around corner starbucks mcdonalds internet access not free hour gift shop joke tucked away corner coat check room concierge service limited hour business center open business hour made difficult get work done business hour would not stay ever recommend anyone better stay holiday inn express,truthful,truthful
leaving important document room called asked lost found department seven time course week eventually enough asked manager put hold disconnected finally deceivingly friendly operator promised would someone call back minute never happened avoid place rip theyll keep later not trusted word,truthful,truthful
experience three room reserved checked charged different rate room screwed initial room assignment gave u room not even cleaned yet checked could not get u new key different room without great difficulty go front desk bell staff went wrong room give u new key room guide say pool th floor sign say th could not get pool th floor without going way lobby go th floor take stair th checked front desk staff go credit card assigned room received bill credit card assignment still wrong stay economy hotel lot not even come close many problem hotel one hotel chicago service close door due experience never stay downtown deal overpriced hotel poor service surrounding business bad,truthful,truthful
reservation confirmation hand still argue registration desk price reservation tried charge price bill slide door sorry not watch room gave understand place old price charge indoor plumbing take shower tub fill water not drain absolutely redickulas hilton think step back take look place operating registration fail parking price fail plumbing fail thank hilton super experience chicago,truthful,deceptive
palmer house beautiful lobby great bar restaurant room way small two people room king size bed barely move around not enough room two suitcase room outdatedreminded u movie shining noisy dont expect quiet stay hear everything neighbor saying not mention everything happening hallway requested room change soon checked room originally huge square cut wall exposed pipe brick dirt dust oh construction renovation start week never stay palmer house better spending dollar different hotel,truthful,truthful
great expectation hotel fugitive wonderful lobby thats room old style furniture tv century no minibar no wireless internet no wireless adapter enough number room guy ignore era ipad without cable connection small room small bathroom rude service room lost credit card number want cash delivery breakfast dollar robbery business center cent minute internet connection pay use word excel never,truthful,truthful
hilton hotel unimpressed room incredibly small no refrigirator coffee machine coffee tea wifi cost arm plus side starbucks bottom limited opening hour lobby nice location decent,truthful,truthful
beautiful historic hotel since im historic building business looking forward stay moved room second night loud party adjacent suite escorted room completely torn duct work torn apart bathroom lamp fixture literally falling wall mirror torn wall etc ended room th floor much nicer yesterday waited minute elevator two separate occasion two three elevator top floor work two elevator skip floor stuck waiting ever raised hotel staff told old hotel basically stuff umm no not old building problem fixable elevator problem anyone cared enough fix thumb way stay away go drake knickerbocker youre looking old world charm sans hassle,truthful,truthful
heating room didnt work wasnt repaired depite numerous request room small litter bin remained bin whole stay cleaner made bed nothing else returned home credit card statement showed hotel charged night stay despite prepaid travel agent took hotel month recredit card without apology offer pay numerous transatlantic phone call,truthful,truthful
recently stayed hotel allegro chicago wife business thought id take could see city well chicago great allegronot much mean looked nice great lobby service wasnt great though clerk younger girl seemed bit rude like bothering interrupting day wanting book weekend bell hop took bag room none gently wife watched threw luggage floor room wasnt bad till actually asked tip room okay bed sort rough made odd plastic rubbing noise every time moved next day wife went returned find room wasnt cleaned trip chicago nice moment outside hotel hotel allegro seemed like spent much appearance neglected staff better wont stay,deceptive,deceptive
recently stayed hotel allegro chicago business trip say displeased service received stay even though website boast staff beck call found rude bed extremely uncomfortable noise level high awakened guest next room several time even though complained front desk not resolve issue definitely would not recommend hotel staying different hotel area,deceptive,deceptive
recently visited chicago stayed hotel allegro chicago first not enjoy welcome checked hotel hotel price roof used sleep eat breakfast food served not par felt like cheap free lunch room crowded waste basket not bag toilet paper row half way finished checked felt house keeper gave u dirty look went room not feel safe hide valuable kept busy sign door no one would enter take stuff room not appear website actually opposite looked like regular motel inn paid way would actual motel inn not appreciate none electrical outlet worked phone dead whole duration trip would not recommend hotel anyone,deceptive,deceptive
visited hotel allegro chicago vacation daughter booked room excited website alludes lavish interior amenity far superior surrounding hotel particularly excited fitness center work regular basis would not give vacation let start saying staff rude dissappointed could not respect tired traveling long way booked hotel stay week expensive seemed not matter despite fact travelling small child well nothing accommodate woman front desk even refused rudely take call answer question nearby restaraunts insisting even though worked didnt know area tope fitness center construction never got use worst hotel experience life never go back sandy,deceptive,deceptive
unimpressed quality hotel overall look place marred felt like poor maintenance given supposed luxury hotel charge rate level disappointing impressed snooty attitude taken hotel staff,deceptive,deceptive
hotel allegro located chicago loop provided wife one worst hotel experience recent memory ordered weekend liquid therapy package hour prior noted website surprise arrived name nowhere found system no room no accommodation restaurant nothing prepared u apparently another couple already reserved last available slot weekend away turned weekend hell asked take smaller room originally booked never offer u replacement dining option receipt credit card statement show reservation made time never staying,deceptive,deceptive
daughter wanted spend weekend chicago st birthday recently wanted find best hotel experience looked hotel website really like hotel allegro insistence supplying organic fare inroom spa service booked u friday saturday night upon arriving demeanor hotel staff rude distant not enough warrant verbal complaint enough make daughter feel uneasy checkin took least minute due severe understaffing headed room trying optimistic room much smaller photo hotel site suggested sink faucet bathroom leaky enough make constantly irritating sound stock towel never replaced stay made sure spend much time exploring city possible avoid going back hotel huge disappointment customer daughter birthday girl highly discourage anyone staying hotel much better choice chicago area,deceptive,deceptive
arrived hotel minute prior check time recommend get noticed couple two people waiting line check ten minute later standing suitcase woman front desk informs u computer due recent update software told u wait computer booted back asked could drop suitcase room said no need electronically activate card computer couldnt activate card finally another minute later computer finally got room wheres luxury waiting minute room also need change name hotel service not leave allegro,deceptive,deceptive
stayed allegro two day not big prolems one thing im not satisfied light dark room also bathroom light not good open curtain complained reception said fix not get response disappointed never come back,deceptive,truthful
upon arrival hotel allegro chicago wait helped bellman minute waited outside towncar bellman ended assisting dropped two suitcase pushed cart lobby front desk service rep busy phone approched raised finger hold finished call recieved key entered room realized checked dirty room called front desk asked new room desk rep previously checked told wernt anymore available room told needed come back lobby approched desk heard yelling housekeeper told would minute wait room would ready didnt energy complain point traveled plane past hour sat lobby waiting room cleaned waiting watched another person checked not given room without reservation upgraded suite no extra charge not given suite went minute later desk rep came let know room ready went back room previously entered clean no toliet paper no towel called back desk rep said house keeping would thier way item stay wasnt already horrible enough changed went retaurant connected hotel ended wait minute reservation made seated meal ok nothing like expected read online honestly say never returning hotel restaurant,deceptive,deceptive
website wowed enough book online although never used hotel high expectation visiting hotel family recent trip chicago disappointed first problem not enough staff desk wait long time get checked finally got room bed unmade cleaning supply bathroom maid hadnt finished room shed left stuff behind course called desk right away got new room huge hassle next problem dog person across hall one knew pet friendly hotel envisioned well controlled non barking pet animal barked repeatedly kid trying go sleep called desk twice eventually barking stopped think dog gave didnt sound like desk staff knew crowning disaster least kid husband remote control tv dead managed get taken care icing cake hotel look great actually not great not recommend anyone,deceptive,truthful
wife recently stayed allegro hotel chicago extremely disappointed claim luxury hotel air conditioning unit wasnt working ice maker refridgerator unbearably slow phoned issue front desk person end assured u problem would taken care noone ever showed aside many kid running around couldnt think straight two cent id would tell anyone considering staying allegro pas look option,deceptive,deceptive
husband stayed hotel allegro chicago past summer needless say not returning hotel overpriced get upon arriving hotel staff unfriendly could not help question bed uncomfortable fullystocked honor bar stocked choice shower not even workwe booked king suite jacuzzi ended getting king room no jacuzzi would not recommend place,deceptive,deceptive
unsatisfied stay allegro front desk clerk seemed put walked window giving confirmation number let u know room not ready yet came surprise since arrived late day check already began waiting hour check not able get room feature requested informed request not guarantee room service also slow appeared understaffed finally got someone answer phone everything wanted food took eternity reach room order wasnt exactly right either not kind service expected upscale hotel,deceptive,deceptive
wife much looking forward stay hotel allegro chicago looking forward romantic getaway say hotel allegro disappointment u pet friendly hotel knew going shocked fact found pet hair around room given carpet even amount bed cover shocking price paying called front desk took hour someone housekeeping stop past room flair guess cant imagine right flair many coloring used bright blue bed muted yellow designy wallpaper neither wife found relaxing cant imagine many would really offputting overall experience check minus book not looking return time soon,deceptive,truthful
wife guest hotel allego chicago long weekend getaway september checked hotel website long booking quite excited trip arrived hotel staff informed u room requested unavailable brought u different room smelled quite moldy asked moved another room wife asthma politely told unable switched time room not particularly wellcleaned found previous guest hair bathroom sink floor film dust across television set not type complain went explore city assumed would worst nighttime tried sleep discovered bed sagged terribly middle wall thin every nearby conversation could heard perfectly tossing turning half night morning hoped quick workout might help energize u day discovered wellness fitness center described website really not anticipated treadmill dilapidated weight rack concierge almost never around lobby sign always said right back ask question actually somewhat cold rude towards u second night without incident luckily except terrible bed third night woken three time hotel staff trying enter room clean despite not disturb sign would not recommend hotel,deceptive,deceptive
hotel dizzying bold color pattern everywhere smell pet allowed hotel also extremely dirty pet allowed mold room bathroom pet hair everywhere kid love pool claim kid friendly without one kid bored food basically every day no variation menu picture website room must reserved travel club room didnt even remotely resemble picture old bait switch reserved family room opened door room realized wasnt website pictured website described kept mouth shut fear retaliation hotel worker definitely not recommend hotel,deceptive,deceptive
hotel looked absolutely lovely outside experience went downhill walked lighting poor creates dark gloomy atmosphere mood accompanied lessthanfriendly staff member made checkin seem like nothing huge hassle would not recommend hotel anyone looking quiet night nice stay definitely would not stay,deceptive,deceptive
since first visit windy city wanted stay somewhere central unique read many great review regarding kimpton brand gave go go ended no go sorely disappointed arrived lady front desk nice two kid u needed crib month baby told no problem unfortunately took hour get u crib lurch next noticed bug bug near fridge area yikes called downstairs complain switched different room floor request met minute later time tired flight first impression almost wanted throw towel customer service lacking wanted get settled go grab bit city wait around new room crib not expected high price think hard book kimpton hotel,deceptive,deceptive
hotel not expected would website picture portray hotel much better condition actually amenity not looking price hotel not good value offered aaa membership not get good discount like hotel staff not friendly helpful question area not prompt responding request understand lot guest staying need staff hand not provide hotel guest quality service dont think staying hotel anytime soon,deceptive,deceptive
recent stay amalfi hotel chicago couldnt gone worse apart price staying slow response time hotel staff totally let food could found many attraction area indeed leaving hotel best part experience,deceptive,deceptive
amalfi hotel chicago portrayed luxurious comfortable place stay arriving hotel party minute wait check treated like cattle able check private counter website highlight felt though sitting bank teller rather checking not wait process take seemingly forever reservation completely wrong ended settle double nonsmoking room reserved smoking king room not room requested assured available completely unacceptable high price supposedly high end luxurious hotel not compensated switch room audrey experience designer no help even called upon entering room smelled urine stale booze recommend saving handful money checking chain hotel area amalfi hotel chicago waste time money far concerned especially could stay cheaper chain hotel get better treatment comfort dont waist time staying,deceptive,deceptive
recently stayed amalfi hotel chicago although visit fun city quite often somewhat disappointed service noise hotel called luxury boutique begin experience designer somewhat putoffish cool not really grasp wonderful thing chicago although look attraction seems like may recently arrived la far room indeed luxury nice lighting decoration however noise adjoining room unbelievable kept u night likely wall thin construction not greatest want hear neighbor especially honeymooner whatever probably not stay location great cocktail fine luxury pit weary traveler san francisco,deceptive,deceptive
first stepping foot hotel propety could tell negative place seeing apperd vice lord aroung property not personal problem affelated another gang way acting drinking hotel cheepest wine could securaty purpouses like hell angel concert walking hotel oder hit smelled like cretan type burning wood smelled later find smell rock cocine looked pool find no watter scateborders around place high class bizness man decided leave,deceptive,deceptive
amalfi hotel chicago advertises family friendly yet arrived child anything family friendly staff seemed miffed stuck wait personal check worried kid would ruin obviously really expensive furniture waited guest single couple without child seemed annoyed every time passed kid trying keep entertained checked might not best place stay kid two even though advertised give great big thumb false advertising amalfi,deceptive,deceptive
amalfi hotel advertises luxury boutique hotel expected experience somewhat better average unfortunately not case room booked not clean particular bathroom looked someone done minimal amount cleaning last guest hair corner room leading think floor not swept cleaned addition although room supposed nonsmoking room could still detect odor cigarette smoke say staff courteous hotel well situated term many restaurant site shop within walking distance however given cost room experience cleanliness room would not stay amalfi hotel,deceptive,deceptive
recently stayed hotel not long ago sure look nice really smoke screen went clerk check rude asking nearby attraction abruptly cut tell need go find phone book ask someone else also encoded key wrong redone finaly get room discover mess sheet thrown floor curtain wide open top toliet hadnt flushed horrible called front desk maid come fix told break whatever thoguh cleaned night progress awaken sound someone beating door guy said room baffled went straight lobby got cleared given wrong room couldnt take one day bull checked early next morning stayed different hotel remainder visit chicago would not recommend hotel anyone,deceptive,deceptive
hotel overpriced get staying amalfi hotel chicago advertises luxury hotel located downtown chicago since downtown chicago mean street noise keeping night view also suffered nicer room available better view markup stay outrageous room decent clean linen nice air conditioning get hotel day wasnt anything particularly luxurious hotel make standout price paid room certainly expectation let,deceptive,deceptive
dont let website fool stayed amalfi hotel chicago last business trip probably one worst star hotel ive ever stayed website make place look like star hotel par star want generous first room not nice clean look picture room checked dingy paint peeling wall carpet looked like hadnt vacuumed since god know since staying one night decided not ask different room although dont know asking different room wouldve made difference considering lack hospitality reception desk arrived two receptionist chatting no acknowledgement no prompt service wait minute although one line acknowledged no werent talking hotel matter im not difficult especially picky person doesnt chat work coworkers completely ignore make client wait minute show serious lack professionalism favor go stay marriott want service unless price tempting get pay,deceptive,deceptive
recently stayed amalfi hotel chicago disappointed right beginning girl front desk busy talking one friend finally get wait rude seemed bothered wait room wasnt expecting dingy dirty seems like old hotel not looking nice hotel seemed like quality youd expect cheap motel,deceptive,deceptive
service subpar room needed better cleaning check counter longer expected decided use trainee check definitely no fun long flight no clean towel room bill returned room service charge not order,deceptive,deceptive
former chicagoan im appalled amalfi hotel chicago first expecting luxury hospitality neither received there experience designer supposed like personal concierge experience ed terrible felt like trying pressure staying day wanted not couldnt understand saying time talking fast finally got room disappointed quality furniture room cleanliness ask maid come give clean towel towel bathroom damp top bed messily done could done better job bed home angry point paying lot money every night staying amalfi didnt expect greeted wet towel needed use wifi download important document internet surprisingly slow even basic hotel motel could offered better maybe even faster internet access finally checked amalfi made sure supposed personal concierge knew problem id room hotel glad see amalfi getting smaller mirror drove away,deceptive,deceptive
misfortune booked amalfi hotel chicago week ago joke start housekeeping staff must strike understaffed dont know made bed room could done better year old ditto bathroom water spot soap scum ugh hair kind sink tub floor gross requested nonsmoking either didnt listen didnt care room linen smelled like old ashtray beautiful view ruined water spot not outsidewhich forgiveable inside sticky stayed one night holiday inn room available clean never,deceptive,deceptive
amalfi hotel chicago one worst hotel ive ever stayed travel lot job happened hotel company paying four star hotel yeah right wish could give negative star dont even know begin normally review try outline aspect stood overwhelmingly bad anyhow go begin customer service stank think youve seen rude service people well customer service stuff nightmare reservation still wait minute yes counted someone pay attention finally chewing gum no visible uniform name tag clearly didnt want took one glance reservation didnt enter anything computer told couldnt accept date already passed date reservation written day furious minute shouting match equally incompetent manager left angry could scream finally grudgingly accepted name reservation computer could book room room first glance appeared clean closer inspection revealed black mold bathroom ceiling sink tap gushed rustylooking brown water minibar picked remnant looking like several year mattress mysteriously disgusting yellow stain pillowcase also looked yellowed couldnt decide beginning see thing already upset place extremely sleepless night paper wall neighbor apparently elephant easily say would never go back hotel ever not somebody payed,deceptive,deceptive
needed find last minute hotel stay night came one first price one night extremely high worker front desk not kind treated like second rate not list priority got room got settled smelled cigarette air conditioner making loud sound didnt get much sleep also restroom dirty frankly disgusting bed old uncomfortable tv not work overall disappointed hotel,deceptive,deceptive
experience amalfi hotel chicago not pleasant first arrived hotel greeted experience designer not friendliest people also husband tossed turned night uncomfortable bed price would expected luxurious experience,deceptive,deceptive
husband went amalfi hotel expecting first class service first got learned given room another guest not able get suite like booked room service took forever food subpar supposedly planner help explore area requested one never saw hide hair planner spa staff seemed incompetent positive thing say amalfi hotel room stylish advertised give hotel two star,deceptive,deceptive
highly disappointed choice stay amalfi hotel chicago travel business last minute felt lucky get reservation highly rated hotel initial impression desk clerk thought lucky waiting several question local attraction acted though bothering customer lobby directed rack brochure located near concierge went back leaning counter plus side room lovely called room service pm told closed even though menu said served pm decided go rather fight issue next day tone pool bar restaurant etc staff seems general feeling guest lucky enough stay chic hotel like part atmosphere instead actual employee job exception housekeeping staff called extra pillow another blanket door minute made ask anything else needed leaving bottom line booked room intention relax day two business completed decided even though hotel beautiful nice location atmosphere not inviting id rather go somewhere felt like money appreciated instead staying somewhere didnt seem care,deceptive,deceptive
amalfi hotel beautiful website interior decorating thats wife got given key room not even cleaned internet access promised hotel website couldnt catch business intended wife thought dark design detail room made feel claustrophobic like sleeping inside salvador dali painting hotel not worth money especially since spent time enjoying citysomething casual comfortable would better would probably cleaner,deceptive,deceptive
wife decided stay amalfi visited friend chicago not stay would recommend luxury hotel friend amalfi claim stay begin warm greeting received exact opposite front desk clerk rude sighed rolled eye anytime asked question became agitated asked pet friendly room apparently extra work since change reservation add dog bring last minute room pet floor alright nothing spectacular unfortunately slight scent coveredup dog urine proceeded dinner keefers restaurant wait additional minute past reservation time suspicion segregated upon casual attire opposed elegant environment prominent throughout restaurant next day could not get wireless room work correctly finish work friend house wife called extra towel pillow took half hour receive also ordered breakfast breakfast bed favorite egg showed long black hair set stay day managed stay not staying,deceptive,deceptive
genuinely surprised stay hotel wall paper thin could hear conversation next room not something would expected higher class hotel room also smaller would expected price given minimal toiletry towel guest room something made difficult two people get ready morning requested new towel took entire day get around fulfilling request checkin process frustrating mostly due unhappy clerk behind counter dont know bad day happens mood time either way unpleasant pain deal overall not pleasant experience think next time well choose another hotel stay visiting chicago,deceptive,deceptive
not back hotel several reason began checkin staff rude uptight reservation lost system seemed think strain time find room ok bed hard uncomfortable room next door tv turned loudly called ask could change room told not option didnt offer solution food restaurant extremely overpriced not cooked request overall wish chosen different hotel stay chicago,deceptive,deceptive
intercontinental chicago magnificent mile outside hotel name say pretty magnificent despite set filthiest section city cost room starting night would think would competent parking attendant delayed important client due latency issue reserved room not enough top room service nerve bring room temperature pasta bottle champagne seal previously broken free cork needless say last time hotel ever grace much another dollar bill account would highly recommend another hotel better accommodation,deceptive,truthful
agree intercontinental chicago nice hotel outside not nice place stay planning visit chicago ambience hotel look bland also amenity cheaper hotel get excellent dining experience somewhere less,deceptive,deceptive
stayed intercontinental chicago visit set daughter wedding nina daughter stated place higher echilon get hitched well dont understand upon arrival checked met nina bar innovative light supper food like airline food cold waiter annoying face could clearly see not ready food taken yet finally came check thought light supper pricey supposed meet sale manager erin lobby pm sharp not sharp enough worker came u stated erin emergency wouldnt able meet u tonight well great night supper would obviously wasted no money spent guarentee sincerely mr mr scott grander louisville ky,deceptive,deceptive
intercontinental chicago not great experience expecting first arrived front desk staff could not find reservation system tried make book higher paying room ended ask manager conveniently able locate room rate expecting top notch service class apparently service reserved elite not doted found long wait time placed order room service needed concierge price paying stay would thought would catered personal touch service,deceptive,deceptive
business trip chicago back unfortunate luck staying intercontinental chicago hotel say unfortunate first moment walked experience poor front desk made wait long time resolve issue reservation receptionist made reservation room already company account insisting supply personal credit card room understand precaution travel lot usually not encounter situation taken care several phone call later taken room nice glad finally bell hope short quick throw hand asking tip even though done nothing groaned entire time taking room happy stay two night run front desk got impression no one wanted deal hopefully not staying suggest avoided,deceptive,deceptive
recently horrible stay intercontinental hotel chicago first arrived impressed architecture location thing went downhill hurry front desk staff extremely rude upon checking even though reserved room two queen bed told king bed room available time nothing could room nightmare smelled like ashtray clear bedding dire need replacement also huge problem television would automatically turn every minute complained problem little done hotel staff eventually bring new sheet quality marginally improved overall disappointed stay intercontinental hotel chicago picture seen online expected wonderful hotel actually got par would typically find rundown interstate motel,deceptive,deceptive
hotel good name good location chicago unfortunately unsatisfied hotel luxury hotel paying luxury price expect get money worth unfortunately not case intercontinental firstly room surprisingly small unclean could probably use renovation upgrade furniture supposed luxury hotel expensive shouldnt worried carpet part room seem dirty also trouble getting room temperature wanted im not sure problem air condition room problem whole hotel building old suppose lot problem old secondly disappointed quality service hotel staff thought somewhat rude inattentive thirdly hotel lot additional expense felt like wanted overcharge every chance got use fitness amenity internet etc im already paying much hotel room get irritated feel im nickelanddimed every chance get hotel nice looking building terrific location really dont think worth expense many hotel chicago choose much better,deceptive,deceptive
ive never written review share experience chicago intercontinental hotel booked weekend hotel wife birthday weve never stayed luxury hotel thought would great experience u horror started first got counter clerk mixed room pointed got really snooty get room maid hadnt cleaned yet wait around went hotel restaurant food terrible overpriced finally room finished view promised nonexistent top maid terrible job cleaning toilet dirty actually found stain stain sheet waste money pointed concierge werent even offered refund discount never,deceptive,deceptive
hotel poor customer service worried keeping everything date perfect looking hotel rarely worried customer guest ask room serviced cleaning took long time get response disappointed,deceptive,deceptive
husband stayed hotel weekend sept planning vacation impressed hotel exterior lovely looked forward enjoying view room first started wonder wed made right choice no one waiting help u bag carry luggage room hotel middle shift change seems like something supposedly world class hotel able avoid good room nice view sat bed like sitting cloud shower pleasant bad room small bed not king size requested felt cramped uncomfortable throughout stay stayed less luxurious hotel much spacious able provide u requested size bed restaurant option acceptable although service not excellent described perhaps expected miracle wouldve changed mind hotel disappointed room service checkin rest weekend somewhat tainted usually enjoy partaking room service decided sub par first day would eat rest weekend next time look hotel chicago area,deceptive,deceptive
intercontinental chicago hotel terrible first continental breakfast joke food unhealthy unsatisfactory first night expected maid come clean room came back siteseeing find room condition left never go back hotel,deceptive,deceptive
international chicago magnificent mile shrouded glamour underneath facade fade away classical architectural landmark translated old boring found hotel via google regretted ever since room size small unaccommodating one newer room everything free except gym wouldnt free price paid dont know hotel overpriced quality size room get would not recommend staying,deceptive,deceptive
family chicago friend wedding asked around find hotel nice affordable pointed direction intercontinental chicago hotel hotel appeared nice amenity room service wifi clean room unfortunately turned appearance deceiving begin desk clerk downright rude uncaring said didnt room available didnt make arrangement getting late no place go werent hotel nearby kid starving asked anything could said ask someone else busy talked manager bit fussing manager apologized moved u room night apparently expectation would normal amenity hotel stay standard room wasnt even clean wifi didnt work ordered room service never came even several complaint doesnt end either got home found hotel charged u room service overall frustrating experience wouldnt stay,deceptive,deceptive
wife excited visit shop chicago magnificent mile michigan ave chose intercontinental hotel reputation location man oh man disappointed check smooth enough even though hotel busy seemed well got ready go shopping went visit concierge lobby ask suggestion bargain six people line wait no problem since werent timetable finally got asked shopping miracle mile pointed door said right door asked suggestion best store bargain rolled eye saying there no thing couldnt believe abruptness left concierge stand not wanting return shopping went well fun returned room wanted look restaurant night rather ask concierge couldnt find hotel directory room called housekeeping department told directory office asked could check vacant room one said hotel full no vacant room hung thought would look restaurant yellow page guess guessed no phone book room figured could go get drink bar hotel themed lounge ask bartender suggestion went bar three customer sat bar got drink ask bartender restaurant suggestion cell phone rang answered went end bar talk twenty minute later still phone tired hungry wife went back room ordered pizza delivered pizza hut although hotel nice enough furnishing comfortable indifference staff keep ever coming back big thumb intercontinental chicago need look word hospitality dictionary,deceptive,truthful
problem started booked intercontinental chicago online hotel site got server error somehow managed get reservation wish looked elsewhere great chicago street filled plenty option server error continued check didnt let holiday weekend far many others must pushy conventioneer trouble getting served hotel enormous doesnt give sense comfort health facility also big noisy crowded internet access day kind surprising go around corner starbucks next time ill pick intimate place nearbywithout many server error,deceptive,truthful
although intercontinental chicago hotel located magnificent mile entire experience guest anything believe magnificence end hotel entrance checkin checkout impression ranged lackluster horrific first error reservation got room found neither phone internet connection worked trudged registration deskwhere wait line least twenty minutesto ask help first night spent nearly totally sleepless due tv noise coming next room werent sure whether due excessively inconsiderate neighbor thin wall dog tired next morningeven though hung not disturb sign door handlein barged maid brighteyed bushy tailed scrubber hand following rude awakening jarred bloodcurdling shriek wife upon entering bathroom take shower greeted incredibly large roach breakfastactually meal partook hotelwere served cold somewhat tasteless routinely ignored concierge always seems personal call whenever needed trying leave hotel equally difficult checking course gross error bill caused u delayed effort depart getting intercontinental chicago believe best part experience guest,deceptive,deceptive
recently stayed intercontinental chicago magnificent mile little underwhelmed convenient location not compensate fact property old definitely need updating renovating definite need noise control everything everybody could heard inside room hearing plumbing guest room particularly annoying fitness facility really hyped unfortunately not free use least wasnt included booking choice parking pretty expensive really dont need dont use overall dissappointed great location wasnt matched great accommodation,deceptive,truthful
stayed five day definitely never going back architecture kind cool customer service poor dont know much people get paid must not think enough breakfast continental alright overpriced hotel felt really crowded service impersonal many better place stay chicago,deceptive,truthful
hotel ok not best money first parking price exorbitant know parking premium location price much high also service hotel poor felt like room service took long considering price service poor general staff palmer house seemed interested helping richer known customer u addition feel many fee including fee internet also room clean bed nice noise could hear people walking would say average experience hotel considering price maybe think twice palmer house,deceptive,deceptive
decent place stay people nice enough yet atmosphere not expecting room not spacious welcoming many place eat yet food pricey average would stay possibly feel like could find better option better price,deceptive,deceptive
first made reservation palmer house hilton excited gorgeous picture displayed website little know going total disaster first husband couldnt find place first time chicago would call direction kept putting hold husband finally arrived bus boy extremely rude manhandling luggage held hand impatiently expecting tip talk arrogant front desk clerk little pushy husband staying one night attend sister wedding kept trying upsell suite needed regular guest room room okay decorated ornately forced jack price take youre worth even nerve try say purchased item snack bar ordered movie ive never even heard completely unprofessional never repeat never stay hotel ever,deceptive,deceptive
awful experience staff rude unhelpful took forever check took even find reservation got room marginally clean complained said full could not anything would never go back obviously not worried customer service,deceptive,deceptive
would not stay hotel room fowl odor seemed though carpet never cleaned neighborhood also less desirable housekeeper seemed snooping around cleaning room say front desk staff friendly albeit slightly dimwitted,deceptive,deceptive
stay palmer house hilton less satisfactory would expected much high end hotel room way priced service less satisfactory one point left dirty towel floor picked room service came still side thing cup left desk planning use later gone coffee towel also never replaced also astounded internet service not come price room rather nominal fee paying much room hoped least complimentary wifi stay palmer house hilton left much wished not staying,deceptive,deceptive
oh like dank museum four star hotel read many review hotel sure husband wouldnt disappointed spending th wedding anniversary heart chicago luxurious hotel review sounded great feel awkward writing fair place major disappointment location superb image online must taken year ago decor visited looked old faded noticed dirt everywhere fabric furniture stained baseboard woodwork scratched dirty seemed smell mold mildew permeated entire hotel even though food great linen glassware silverware not sparkling sort helped candle lit didnt focus much dreary washed dining facility didnt realize experiencing history would actually mean staying hotel thats living past barely two star hotel not recommend staying,deceptive,truthful
recently stayed palmer house hilton business trip chicago best make sure future employee company stay reservation made early checkin arranged due travel arrangement travel companion get city early hour morning arranged early checkin without pay night no fuss raised agreed assumed would fine got however no room available u hour refused keep bag forced change clothes wash public restroom office building first meeting took place cart bag around u offered insincere apology didnt offer comp u anything inconvenience rest stay one night nothing praise guess not bug would count positive would definitely never recommend anyone stay,deceptive,deceptive
chicago palmer house disappointed chose hilton hotel definitely not live standard set name first impression negative one greeted rather rude staff room might luxurious year ago general impression not cleaned regularly could use little freshening bathroom obviously newer shower difficult use water pressure absolutely horrible food served room service hotel restaurant sounded delicious carefully crafted menu high price made expect delicate cuisine food simply not deliver promise everything tasted bland portion ridiculously small location hotel might seem like advantage since downtown chicago nearby many touristic attraction however window room not protect constant noise car going overall hotel would decent not advertise luxury hotel not use hilton name price range,deceptive,deceptive
hilton family would outraged hearing recent stay ie nightmare palmer house hilton arrived day national restaurant association tade show hoping beat crowd settle long week trade show business arrived greeted really snarled clerk lady one really call beast aggressive rude get go made snide comment number bag downhill guaranteed confirmed reservation mysteriously cancelled indicated one contact call center seeking cancellation informed brenda never cancelled reservation originally booked room one one colleague colleague changed reservation come one day later huffed puffed finally said oh okay read wrong dont room room given away someone else arrived earlier day hilton honor member someone drop lot money chain furious said perhaps someone else found room another hotel wait checked left front desk gone almost minute coming back smirk face informed make decision would not satisfactory first option stay hotel outside chicago downtown closer airport could go another room smaller smoking one potential promise upgrade day outraged no im sorry certainly option horrible ended taking smoking room barely spent time due strong cigarette smell additionally no upgrade stay not offered anything make trouble screwup hotel manager bother return call net outcome never stay hotel im thinking shredding hilton honor card dont make mistake dealing property sorry thanks reading hopefully help someone booking joke hotel,deceptive,deceptive
traveled chicago business looking forward spending vacation time city wanted best accommodation trip research decided palmer house hilton sounded like perfect place stay way perfect perfectly awful reading positive review checking hotel website expecting luxury room notch ordinary however standard guest room hotel website describes deluxe bland generic reminded room stayed budget chain hotel not pricier historic hotel one carpeting looked dingy wear shoe slipper time walked gap curtain made impossible block sunlight morning horrendous view brick wall window addition sink bathroom dripped constantly annoyance night long everything cost extra including gym pool spa restaurant price outrageous hotel overpriced overrated definitely subpar wouldnt recommend worst enemy,deceptive,deceptive
husband three year old son arrived palmer house hilton last friday weekend stay hotel looked elegant online included information also indicated child friendly check staff cold seemed quite annoyed son merely saying hi asking name person helping u one elevator broken long wait elevator hallway appeared bit dirty made way room room decent not deluxe website indicated would comfortable view good long day sight seeing play saturday son tired elected return room room service dinner no childrens menu room service restaurant room service came kitchen ordered adult meal food arrived hour later cold unappealing couldnt wait another hour although hotel look lovely service not good staff cold snooty except cleaning staff nice might ok couple business traveler not stay child comfortable motel might better,deceptive,deceptive
upon entering hotel room palmer house hilton immediately turned nose foul odor coming bathroom placing bag poorly made bed walked bathroom find last visitor failed flush toilet immediately called room service asked new room apologetically told no room available would send someone right handle mess oh around half hour waiting angry maid knocked door seemed irritated deal mess looked one dealing room cleaned turned asking tip hesitated angrily stormed room thought thing would run smoother tried relax ipod yes use ipod room however fail mention constant white noise signal poor nothing could compare remote control heating air able get button remote work temperature seemed change wanted hot air would slowly get colder vise versa giving nice television program decided retire bed egyptian sheet right say found early check new hotel within next hour value back not rent room hotel,deceptive,deceptive
picture website sure deceiving real life palmer house hilton not nearly pretty made cleaning staff still arrived room made u wait outside still cleaning granted minute sometimes guest messy thought weird thing would put trip wasnt charged u minibar fee dont even drink no one told u would pay liquor anyway also not get wakeup call u time missed tour bus almost whole day trip spend extra buck cab fee could see city way wed planned wasnt good tour guide wasnt got lost husband lost key room one point trip desk gave hard time getting new one terrible certainly wont staying,deceptive,deceptive
although architecture hotel quaint positive terible hotel guest service unhelpful best inbuilding resturaunts unsanitary untasteful room small cramped seemed sheet hadnt cleaned last year stay distasteful never intend return except ask money back,deceptive,deceptive
overall hotel okay though problem price accommodation mentioned website accurate supposedly luxury mattress not comfortable mattress hotel offer nothing much affordable hotel difference palmer house hilton lobby normal affordable lobby not go hotel fancy lobby go get good night sleep want sight see go elsewhere like said overall hotel okay not worth price,deceptive,deceptive
not pleased recent stay palmer house hilton room not ready upon arrival room given not requested requested room queen size bed lower floor not given air conditioning room not functioning properly could not turned room overpowering fragrance smell made sinus act wondered happened room got make housekeeping staff use much air freshener no doorman available cart lug suitcase dragging foot going get one not lose sight point since contained valuable irreplaceable item luckily another guest saw predicament offered assistance room evidence previous occupant left behind overlooked housekeeping staff promised send someone take care debris call front desk finally gave looked forward stay conclude simply not live advertising poor value money spent stay,deceptive,deceptive
visit started wrong foot entered lobby struggling carry luggage instead helping group hotel employee stood watching laughing u trouble locating reservation room tiny im paying night room expect able walk around bed also tiny wall thin could hear neighbor talking next door hotel probably beautiful classy seems outdated due repair wont staying,deceptive,truthful
though grand brand hotel seems disappoint certain front staff seemed snooty arrogant request upgrade fulfilled repetitive requeststhe initial room small cost paid would expect coffee maker free internet service least even regular bb offer levy charge everythingcomplete rip thing matched grandeurcleanliness location good staff made stay unpleasant,deceptive,truthful
palmer house hilton look good picture outside actually disaster hotel went lobby dirty room hadnt cleaned smelled thoroughly smoke requested pillow lady phone scoffed said shed send took hour pillow hotel good example pay isnt always get not returning,deceptive,deceptive
